{
  "version": "v22",
  "N": 279,
  "final": {
    "sigma": 2.7363509780991917,
    "alpha": 0.8476182499896879,
    "C": 0.23180436091884543,
    "L": 2.2483174750522164,
    "el_ratio": 0.4154147615937296,
    "F_final": 0.039627242936353654
  },
  "logs": {
    "step": [
      0,
      50,
      100,
      150,
      200,
      250,
      300,
      350,
      400,
      450,
      500,
      550,
      600,
      650,
      700,
      750,
      800,
      850,
      900,
      950,
      1000,
      1050,
      1100,
      1150,
      1200,
      1250,
      1300,
      1350,
      1400,
      1450,
      1500,
      1550,
      1600,
      1650,
      1700,
      1750,
      1800,
      1850,
      1900,
      1950,
      2000,
      2050,
      2100,
      2150,
      2200,
      2250,
      2300,
      2350,
      2400,
      2450,
      2500,
      2550,
      2600,
      2650,
      2700,
      2750,
      2800,
      2850,
      2900,
      2950
    ],
    "sigma": [
      3.2029973462129444,
      2.7363509780991917,
      2.7363509780991917,
      2.7363509780991917,
      2.7363509780991917,
      2.7363509780991917,
      2.7363509780991917,
      2.7363509780991917,
      2.7363509780991917,
      2.7363509780991917,
      2.7363509780991917,
      2.7363509780991917,
      2.7363509780991917,
      2.7363509780991917,
      2.7363509780991917,
      2.7363509780991917,
      2.7363509780991917,
      2.7363509780991917,
      2.7363509780991917,
      2.7363509780991917,
      2.7363509780991917,
      2.7363509780991917,
      2.7363509780991917,
      2.7363509780991917,
      2.7363509780991917,
      2.7363509780991917,
      2.7363509780991917,
      2.7363509780991917,
      2.7363509780991917,
      2.7363509780991917,
      2.7363509780991917,
      2.7363509780991917,
      2.7363509780991917,
      2.7363509780991917,
      2.7363509780991917,
      2.7363509780991917,
      2.7363509780991917,
      2.7363509780991917,
      2.7363509780991917,
      2.7363509780991917,
      2.7363509780991917,
      2.7363509780991917,
      2.7363509780991917,
      2.7363509780991917,
      2.7363509780991917,
      2.7363509780991917,
      2.7363509780991917,
      2.7363509780991917,
      2.7363509780991917,
      2.7363509780991917,
      2.7363509780991917,
      2.7363509780991917,
      2.7363509780991917,
      2.7363509780991917,
      2.7363509780991917,
      2.7363509780991917,
      2.7363509780991917,
      2.7363509780991917,
      2.7363509780991917,
      2.7363509780991917
    ],
    "alpha": [
      0.0,
      0.0,
      0.0,
      0.3731240099156718,
      0.444699968540921,
      0.4962624581986333,
      0.5331762216113918,
      0.5588035372311301,
      0.5755126741732196,
      0.5938235792940277,
      0.6088891391869246,
      0.6257046980429186,
      0.6392959728214177,
      0.6519979942958513,
      0.6603902991291302,
      0.6676270148727609,
      0.6747285241540748,
      0.6825766201072879,
      0.688864603782913,
      0.6955811947029282,
      0.7022598485782838,
      0.7088792240453506,
      0.7147335402415514,
      0.7187863344655437,
      0.7229949948372997,
      0.7276618626439961,
      0.733596552936169,
      0.7382003186805685,
      0.742479035242021,
      0.7490591441005016,
      0.7527550743495445,
      0.7575829753785076,
      0.7602541412082188,
      0.7659102729867974,
      0.7690449480562143,
      0.7732340491755731,
      0.7770152037743239,
      0.7802032304881764,
      0.7842662185513986,
      0.7876901618648403,
      0.7905352811521913,
      0.7936982194668584,
      0.7963246107123745,
      0.798870171776112,
      0.8010022094579612,
      0.8062438272206504,
      0.8092102307878949,
      0.8116697512649694,
      0.8138227078546156,
      0.8183855988318764,
      0.8219717007218389,
      0.8252405647687896,
      0.827686862224799,
      0.8299062987993907,
      0.8324453181290159,
      0.8356783694237955,
      0.8385949026589355,
      0.8405739424098289,
      0.8428724243483603,
      0.8448553426202896
    ],
    "el_ratio": [
      0.0,
      0.0,
      0.4033311561071195,
      0.3350751143043762,
      0.39092096668843895,
      0.42064010450685824,
      0.39157413455258,
      0.3768778576094056,
      0.3925538863487916,
      0.3925538863487916,
      0.3984323971260614,
      0.35238406270411493,
      0.42292619203135207,
      0.4039843239712606,
      0.42292619203135207,
      0.5032658393207055,
      0.418680600914435,
      0.41737426518615284,
      0.40659699542782496,
      0.4092096668843893,
      0.4327237099934683,
      0.34617896799477466,
      0.37328543435662964,
      0.4271717831482691,
      0.41345525800130634,
      0.4124755062050947,
      0.41835401698236446,
      0.41900718484650556,
      0.42586544741998694,
      0.35924232527759636,
      0.40496407576747223,
      0.383736120182887,
      0.41018941868060094,
      0.3442194644023514,
      0.2968647942521228,
      0.3925538863487916,
      0.2919660352710647,
      0.43141737426518617,
      0.4278249510124102,
      0.3474853037230568,
      0.3690398432397126,
      0.43076420640104507,
      0.4157413455258001,
      0.40725016329196606,
      0.364467668190725,
      0.43468321358589157,
      0.3997387328543436,
      0.40594382756368386,
      0.399412148922273,
      0.3830829523187459,
      0.3997387328543436,
      0.3432397126061398,
      0.43827563683866755,
      0.41345525800130634,
      0.41378184193337686,
      0.40169823644676683,
      0.43435662965382105,
      0.34617896799477466,
      0.3843892880470281,
      0.43076420640104507
    ],
    "bonds": [
      2579,
      2755,
      2755,
      2755,
      2755,
      2755,
      2755,
      2755,
      2755,
      2755,
      2755,
      2755,
      2755,
      2755,
      2755,
      2755,
      2755,
      2755,
      2755,
      2755,
      2755,
      2755,
      2755,
      2755,
      2755,
      2755,
      2755,
      2755,
      2755,
      2755,
      2755,
      2755,
      2755,
      2755,
      2755,
      2755,
      2755,
      2755,
      2755,
      2755,
      2755,
      2755,
      2755,
      2755,
      2755,
      2755,
      2755,
      2755,
      2755,
      2755,
      2755,
      2755,
      2755,
      2755,
      2755,
      2755,
      2755,
      2755,
      2755,
      2755
    ],
    "theta": [
      24,
      23,
      23,
      23,
      23,
      23,
      23,
      23,
      23,
      23,
      23,
      23,
      23,
      23,
      23,
      23,
      23,
      23,
      23,
      23,
      23,
      23,
      23,
      23,
      23,
      23,
      23,
      23,
      23,
      23,
      23,
      23,
      23,
      23,
      23,
      23,
      23,
      23,
      23,
      23,
      23,
      23,
      23,
      23,
      23,
      23,
      23,
      23,
      23,
      23,
      23,
      23,
      23,
      23,
      23,
      23,
      23,
      23,
      23,
      23
    ],