{
  "version": "v24",
  "N": 279,
  "sigma_final": 6.012728679083487,
  "sigma_peak": 9.948817519490873,
  "el_final_pct": 29.791395045632335,
  "F_final": 0.010576110660857584,
  "FEP_converged_pct": 100.0,
  "glia_events": 0,
  "scaling_events": 0,
  "theta_final": 15
}