{
  "experiment": "L4_combinatorial",
  "photo_improvement": 0.5888870195813789,
  "chemo_improvement": 0.6544705348905444,
  "single_task_avg": 0.6216787772359617,
  "combo_score": 0.6673267437435997,
  "switch_cost": 1.0,
  "interference": 0.21196646352560247,
  "l4_pass_combo": "True",
  "l4_pass_switch": false,
  "l4_pass_interference": "False",
  "l4_overall": false,
  "brain_state": {
    "brain_id": "l4_brain",
    "regions": {
      "vis": {
        "sigma": 2.7232264807525555,
        "alpha": 0.9715890385087879,
        "C": 0.25792712842712817,
        "L": 2.5832323232323233,
        "el_ratio": 0.0,
        "k_avg": 16.0,
        "F_mean": 0.05006206971886721,
        "scaling_events": 1548,
        "glia_events": 0,
        "active": 0,
        "mean_V": 3.0424129144909475
      },
      "chem": {
        "sigma": 2.7947884693074085,
        "alpha": 1.0625968673249562,
        "C": 0.265657287157287,
        "L": 2.5925252525252525,
        "el_ratio": 0.0,
        "k_avg": 16.0,
        "F_mean": 0.17124085299871158,
        "scaling_events": 1536,
        "glia_events": 0,
        "active": 0,
        "mean_V": 1.9882153977342547e-07
      },
      "assoc": {
        "sigma": 2.776811789890251,
        "alpha": -2.1211906411682917,
        "C": 0.26980887630887623,
        "L": 2.426219239373602,
        "el_ratio": 0.0,
        "k_avg": 24.0,
        "F_mean": 0.1140287733400506,
        "scaling_events": 2780,
        "glia_events": 0,
        "active": 0,
        "mean_V": 0.0011605190777729869
      },
      "motor": {
        "sigma": 2.534423945366842,
        "alpha": 0.5039328094874939,
        "C": 0.23978210678210665,
        "L": 2.5804040404040403,
        "el_ratio": 0.0,
        "k_avg": 16.0,
        "F_mean": 0.04999999999999999,
        "scaling_events": 1530,
        "glia_events": 0,
        "active": 0,
        "mean_V": 0.0
      }
    },
    "total_active": 0,
    "mean_sigma": 2.707312671329264,
    "mean_el": 0.0
  }
}