{
  "version": "v29",
  "phototaxis": {
    "start": [
      10.0,
      50.0
    ],
    "end": [
      11.727725602721444,
      48.367041399802154
    ],
    "path_length": 201,
    "total_distance": 9.999999999999996,
    "approach_ratio": 0.9715858338621347
  },
  "chemotaxis": {
    "start": [
      10.0,
      50.0
    ],
    "end": [
      10.915888156758038,
      48.74228833259598
    ],
    "path_length": 201,
    "total_distance": 9.999999999999968,
    "approach_ratio": 0.9824962619709225
  }
}