{
  "T_200": {
    "sigma": 4.711238779179012,
    "C": 0.3371339990890197,
    "L": 2.435625692993992,
    "alpha": 2.3162084035917823,
    "el_ratio_final": 0.19145631067961166,
    "el_traj": [
      0.0,
      0.0,
      0.03611650485436893,
      0.09048543689320389,
      0.1370873786407767,
      0.19145631067961166
    ],
    "sigma_traj": [
      4.711238779179012,
      4.711238779179012,
      4.711238779179012,
      4.711238779179012,
      4.711238779179012,
      4.711238779179012
    ],
    "alpha_traj": [
      0,
      2.3154873237748186,
      2.311352811092891,
      2.3146107608970734,
      2.318083051435935,
      2.3162084035917823
    ],
    "steps": [
      0,
      100,
      200,
      300,
      400,
      499
    ],
    "theta_traj": [
      5,
      5,
      6,
      14,
      21,
      25
    ],
    "T_DECAY": 200,
    "MAX_FIX": 20,
    "EL_FLOOR": 40,
    "BOND_CAP_FACTOR": 1.0,
    "n_chem_init": 2575,
    "n_chem_final": "2575",
    "scaling_events": 0,
    "glia_events": 0
  },
  "T_150": {
    "sigma": 4.711238779179012,
    "C": 0.3371339990890197,
    "L": 2.435625692993992,
    "alpha": 2.3249817437600395,
    "el_ratio_final": 0.18990291262135922,
    "el_traj": [
      0.0,
      0.0,
      0.0345631067961165,
      0.08893203883495146,
      0.13553398058252428,
      0.18990291262135922
    ],
    "sigma_traj": [
      4.711238779179012,
      4.711238779179012,
      4.711238779179012,
      4.711238779179012,
      4.711238779179012,
      4.711238779179012
    ],
    "alpha_traj": [
      0,
      2.3340716198069087,
      2.3378111957359504,
      2.326753611577101,
      2.325789741173862,
      2.3249817437600395
    ],
    "steps": [
      0,
      100,
      200,
      300,
      400,
      499
    ],
    "theta_traj": [
      5,
      5,
      6,
      14,
      21,
      25
    ],
    "T_DECAY": 150,
    "MAX_FIX": 20,
    "EL_FLOOR": 40,
    "BOND_CAP_FACTOR": 1.0,
    "n_chem_init": 2575,
    "n_chem_final": "2575",
    "scaling_events": 0,
    "glia_events": 0
  }
}