{
  "adaptive": {
    "sigma_final": 4.090689787464449,
    "alpha_final": -1.1448566561257703,
    "el_final": 0.0712630359212051,
    "BCM_ETA_final": 0.2920326717020302,
    "THETA_LTP_final": 15.394396292004608,
    "param_history": {
      "BCM_ETA": [
        0.25054861471513007,
        0.25100573262101983,
        0.2514289269613863,
        0.25183456999746784,
        0.25217952295890983,
        0.2525027943581753,
        0.2529573287620731,
        0.2533988305661938,
        0.2537989981314392,
        0.25419896428610983,
        0.25454774976084654,
        0.2548902047444486,
        0.2553331398177455,
        0.2557872107281446,
        0.2561942308766323,
        0.25659183063344454,
        0.2569438958624031,
        0.2572873256748011,
        0.2577419341952608,
        0.25821311794846374,
        0.25862195778682623,
        0.25902695459843117,
        0.25938128625337725,
        0.2597285514326884,
        0.26020597188032835,
        0.26068279133458977,
        0.26109546118494603,
        0.26150877394114597,
        0.2618589064762791,
        0.26221195515837303,
        0.26267335761461613,
        0.26314248556491165,
        0.2635437450946034,
        0.26395201508515104,
        0.2643187973131106,
        0.2646612177947429,
        0.26513642308859986,
        0.26561795795720666,
        0.2660295658496566,
        0.26644198678447106,
        0.2668035920438261,
        0.26714922364979893,
        0.2676225938100072,
        0.2680860403404127,
        0.2685077407552829,
        0.26892141436805483,
        0.2692928945119413,
        0.26963791133618026,
        0.270116341389838,
        0.27058464717338476,
        0.2710005516310102,
        0.2714260541476736,
        0.2717805248006263,
        0.27213535595023697,
        0.2726328532184691,
        0.2731060203662607,
        0.2735403721351057,
        0.27395810202320725,
        0.2743286943075774,
        0.27469496198797017,
        0.27519458813135883,
        0.2756889196218464,
        0.27613082475402023,
        0.2765679552241785,
        0.27693735787751095,
        0.2773167930816969,
        0.27781977610708114,
        0.27830165458924566,
        0.2787351280192949,
        0.27917574577332005,
        0.27955560443545807,
        0.2799301227043316,
        0.2804221384477065,
        0.2809205801047002,
        0.2813631170551053,
        0.28179168253698966,
        0.2821718875468211,
        0.28255395347472395,
        0.2830495191285234,
        0.2835521217268799,
        0.28399030269668896,
        0.2844409708066173,
        0.2848141389622863,
        0.2851980152458263,
        0.28569607665156793,
        0.2862095433792838,
        0.2866497779250497,
        0.2871029218053533,
        0.28747814486823936,
        0.28786687574735703,
        0.2883816097339187,
        0.28889899622072107,
        0.28934843328177023,
        0.2897999931366819,
        0.2901707334266364,
        0.2905420472467058,
        0.29105661725665616,
        0.2915744023937829,
        0.2920326717020302
      ],
      "THETA_LTP": [
        14.007515643105446,
        14.017406720741599,
        14.028514484356895,
        14.039969872537661,
        14.05165701042874,
        14.06357589803013,
        14.075610660486678,
        14.087993047508695,
        14.100375434530712,
        14.112757821552728,
        14.125371958285058,
        14.138101969872544,
        14.151005793742764,
        14.163967555040562,
        14.177045191193518,
        14.19023870220163,
        14.203548088064897,
        14.216973348783322,
        14.230514484356902,
        14.24411355735806,
        14.257712630359219,
        14.271311703360377,
        14.284968713789114,
        14.298625724217851,
        14.312282734646589,
        14.325939745075326,
        14.339770567786797,
        14.353601390498268,
        14.367606025492474,
        14.38161066048668,
        14.395673232908464,
        14.409967555040561,
        14.424319814600237,
        14.438672074159912,
        14.453082271147165,
        14.467492468134418,
        14.481902665121671,
        14.496370799536503,
        14.510838933951336,
        14.525307068366168,
        14.539775202781,
        14.554243337195832,
        14.568711471610664,
        14.583179606025496,
        14.597647740440328,
        14.612173812282737,
        14.626699884125147,
        14.641225955967556,
        14.655752027809966,
        14.670278099652375,
        14.684804171494784,
        14.699330243337194,
        14.713914252607182,
        14.72849826187717,
        14.743140208574737,
        14.757782155272302,
        14.772424101969868,
        14.787123986095013,
        14.801823870220158,
        14.81663962920046,
        14.83145538818076,
        14.846271147161062,
        14.861086906141363,
        14.875902665121664,
        14.890718424101966,
        14.905534183082267,
        14.92029200463499,
        14.935049826187711,
        14.949807647740434,
        14.964565469293156,
        14.979323290845878,
        14.9940811123986,
        15.008838933951322,
        15.023596755504045,
        15.038354577056767,
        15.053112398609489,
        15.067870220162211,
        15.082628041714933,
        15.097385863267656,
        15.112143684820378,
        15.12695944380068,
        15.14177520278098,
        15.156590961761282,
        15.171406720741583,
        15.186222479721884,
        15.201038238702186,
        15.215911935110064,
        15.230785631517943,
        15.245659327925821,
        15.2605330243337,
        15.275406720741579,
        15.290280417149457,
        15.305154113557336,
        15.320027809965215,
        15.334901506373093,
        15.349775202780972,
        15.36464889918885,
        15.379522595596729,
        15.394396292004608
      ],
      "T_THETA": [
        5.0,
        5.0,
        5.0,
        5.0,
        5.0,
        5.0,
        5.0,
        5.0,
        5.0,
        5.0,
        5.0,
        5.0,
        5.0,
        5.0,
        5.0,
        5.0,
        5.0,
        5.0,
        5.0,
        5.0,
        5.0,
        5.0,
        5.0,
        5.0,
        5.0,
        5.0,
        5.0,
        5.0,
        5.0,
        5.0,
        5.0,
        5.0,
        5.0,
        5.0,
        5.0,
        5.0,
        5.0,
        5.0,
        5.0,
        5.0,
        5.0,
        5.0,
        5.0,
        5.0,
        5.0,
        5.0,
        5.0,
        5.0,
        5.0,
        5.0,
        5.0,
        5.0,
        5.0,
        5.0,
        5.0,
        5.0,
        5.0,
        5.0,
        5.0,
        5.0,
        5.0,
        5.0,
        5.0,
        5.0,
        5.0,
        5.0,
        5.0,
        5.0,
        5.0,
        5.0,
        5.0,
        5.0,
        5.0,
        5.0,
        5.0,
        5.0,
        5.0,
        5.0,
        5.0,
        5.0,
        5.0,
        5.0,
        5.0,
        5.0,
        5.0,
        5.0,
        5.0,
        5.0,
        5.0,
        5.0,
        5.0,
        5.0,
        5.0,
        5.0,
        5.0,
        5.0,
        5.0,
        5.0,
        5.0
      ],