{
  "C.elegans": {
    "sigma": 7.63286568755189,
    "C": 0.2605108949194971,
    "L": 3.3800867589341044,
    "alpha": 1.9545304642109012,
    "el": 0.23852183650615902,
    "pass_sigma": 1,
    "pass_C": 1,
    "pass_L": 1,
    "pass_alpha": 1,
    "pass_el": 