{
  "C.elegans": {
    "sigma": 7.63286568755189,
    "C": 0.2605108949194971,
    "L": 3.3800867589341044,
    "alpha": 1.9545304642109012,
    "el": 0.23852183650615902,
    "pass_sigma": 1,
    "pass_C": 1,
    "pass_L": 1,
    "pass_alpha": 1,
    "pass_el": 1,
    "elapsed": 5.5,
    "logs": {
      "step": [
        200,
        400,
        600,
        800,
        1000,
        1200,
        1400,
        1600,
        1800,
        2000,
        2200,
        2400,
        2600,
        2800,
        3000,
        3200,
        3400,
        3600,
        3800,
        4000,
        4200,
        4400,
        4600,
        4800
      ],
      "sigma": [
        7.631,
        7.631,
        7.631,
        7.631,
        7.631,
        7.631,
        7.631,
        7.631,
        7.631,
        7.631,
        7.631,
        7.631,
        7.631,
        7.631,
        7.631,
        7.631,
        7.631,
        7.631,
        7.631,
        7.631,
        7.631,
        7.633,
        7.633,
        7.633
      ],
      "C": [
        0.2625,
        0.2625,
        0.2625,
        0.2625,
        0.2625,
        0.2625,
        0.2625,
        0.2625,
        0.2625,
        0.2625,
        0.2625,
        0.2625,
        0.2625,
        0.2625,
        0.2625,
        0.2625,
        0.2625,
        0.2625,
        0.2625,
        0.2625,
        0.2625,
        0.2605,
        0.2605,
        0.2605
      ],
      "L": [
        3.411,
        3.411,
        3.411,
        3.411,
        3.411,
        3.411,
        3.411,
        3.411,
        3.411,
        3.411,
        3.411,
        3.411,
        3.411,
        3.411,
        3.411,
        3.411,
        3.411,
        3.411,
        3.411,
        3.411,
        3.411,
        3.38,
        3.38,
        3.38
      ],
      "alpha": [
        1.697,
        1.698,
        1.728,
        1.757,
        1.797,
        1.848,
        1.776,
        1.695,
        1.898,
        1.916,
        1.944,
        1.799,
        1.841,
        2.003,
        1.81,
        1.937,
        2.129,
        2.034,
        2.05,
        2.006,
        2.177,
        1.929,
        1.957,
        2.006
      ],
      "el": [
        0.0,
        0.0,
        0.0,
        0.0084,
        0.0504,
        0.1237,
        0.2027,
        0.2492,
        0.243,
        0.238,
        0.2324,
        0.2492,
        0.2256,
        0.2296,
        0.2452,
        0.2475,
        0.2475,
        0.2475,
        0.2391,
        0.229,
        0.2452,
        0.2452,
        0.238,
        0.2402
      ],
      "ne": [
        1786,
        1786,
        1786,
        1786,
        1786,
        1786,
        1786,
        1786,
        1786,
        1786,
        1786,
        1786,
        1786,
        1786,
        1786,
        1786,
        1786,
        1786,
        1786,
        1786,
        1786,
        1786,
        1786,
        1786
      ]
    },
    "score": 5
  },
  "Larval_Droso": {
    "sigma": 9.061294650662804,
    "C": 0.2680744921399127,
    "L": 3.4829638752052543,
    "alpha": 2.1570183215511065,
    "el": 0.24299065420560748,
    "pass_sigma": 1,
    "pass_C": 1,
    "pass_L": 1,
    "pass_alpha": 1,
    "pass_el": 1,
    "elapsed": 5.8,
    "logs": {
      "step": [
        200,
        400,
        600,
        800,
        1000,
        1200,
        1400,
        1600,
        1800,
        2000,
        2200,
        2400,
        2600,
        2800,
        3000,
        3200,
        3400,
        3600,
        3800,
        4000,
        4200,
        4400,
        4600,
        4800
      ],
      "sigma": [
        9.061,
        9.061,
        9.061,
        9.061,
        9.061,
        9.061,
        9.061,
        9.061,
        9.061,
        9.061,
        9.061,
        9.061,
        9.061,
        9.061,
        9.061,
        9.061,
        9.061,
        9.061,
        9.061,
        9.061,
        9.061,
        9.061,
        9.061,
        9.061
      ],
      "C": [
        0.2681,
        0.2681,
        0.2681,
        0.2681,
        0.2681,
        0.2681,
        0.2681,
        0.2681,
        0.2681,
        0.2681,
        0.2681,
        0.2681,
        0.2681,
        0.2681,
        0.2681,
        0.2681,
        0.2681,
        0.2681,
        0.2681,
        0.2681,
        0.2681,
        0.2681,
        0.2681,
        0.2681
      ],
      "L": [
        3.483,
        3.483,
        3.483,
        3.483,
        3.483,
        3.483,
        3.483,
        3.483,
        3.483,
        3.483,
        3.483,
        3.483,
        3.483,
        3.483,
        3.483,
        3.483,
        3.483,
        3.483,
        3.483,
        3.483,
        3.483,
        3.483,
        3.483,
        3.483
      ],
      "alpha": [
        1.826,
        1.968,
        1.844,
        1.877,
        1.85,
        2.009,
        1.875,
        1.9,
        1.966,
        1.894,
        1.968,
        2.219,
        2.132,
        2.023,
        2.083,
        2.003,
        2.022,
        2.014,
        2.203,
        2.18,
        1.988,
        2.052,
        2.208,
        2.078
      ],
      "el": [
        0.0,
        0.0,
        0.0,
        0.0118,
        0.0516,
        0.1038,
        0.1918,
        0.2258,
        0.2405,
        0.2376,
        0.2297,
        0.2307,
        0.243,
        0.2263,
        0.2391,
        0.2494,
        0.2332,
        0.2277,
        0.2489,
        0.2366,
        0.241,
        0.2445,
        0.245,
        0.2494
      ],
      "ne": [
        2033,
        2033,
        2033,
        2033,
        2033,
        2033,
        2033,
        2033,
        2033,
        2033,
        2033,
        2033,
        2033,
        2033,
        2033,
        2033,
        2033,
        2033,
        2033,
        2033,
        2033,
        2033,
        2033,
        2033
      ]
    },
    "score": 5
  },
  "Rat_Cortex": {
    "sigma": 1.3697605322628081,
    "C": 0.10661974176759122,
    "L": 2.5190972222222223,
    "alpha": 1.6329014190767714,
    "el": 0.23546511627906977,
    "pass_sigma": 0,
    "pass_C": 0,
    "pass_L": 1,
    "pass_alpha": 1,
    "pass_el": 1,
    "elapsed": 3.1,
    "logs": {
      "step": [
        200,
        400,
        600,
        800,
        1000,
        1200,
        1400,
        1600,
        1800,
        2000,
        2200,
        2400,
        2600,
        2800,
        3000,
        3200,
        3400,
        3600,
        3800,
        4000,
        4200,
        4400,
        4600,
        4800
      ],
      "sigma": [
        1.37,
        1.37,
        1.37,
        1.37,
        1.37,
        1.37,
        1.37,
        1.37,
        1.37,
        1.37,
        1.37,
        1.37,
        1.37,
        1.37,
        1.37,
        1.37,
        1.37,
        1.37,
        1.37,
        1.37,
        1.37,
        1.37,
        1.37,
        1.37
      ],
      "C": [
        0.1066,
        0.1066,
        0.1066,
        0.1066,
        0.1066,
        0.1066,
        0.1066,
        0.1066,
        0.1066,
        0.1066,
        0.1066,
        0.1066,
        0.1066,
        0.1066,
        0.1066,
        0.1066,
        0.1066,
        0.1066,
        0.1066,
        0.1066,
        0.1066,
        0.1066,
        0.1066,
        0.1066
      ],
      "L": [
        2.519,
        2.519,
        2.519,
        2.519,
        2.519,
        2.519,
        2.519,
        2.519,
        2.519,
        2.519,
        2.519,
        2.519,
        2.519,
        2.519,
        2.519,
        2.519,
        2.519,
        2.519,
        2.519,
        2.519,
        2.519,
        2.519,
        2.519,
        2.519
      ],