{
  "C.elegans": {
    "sigma": 0.7312419984286253,
    "C": 0.034357934757849644,
    "L": 1.8928133932217233,
    "alpha": -0.5030380853188635,
    "el": 0.222999222999223,
    "pass_sigma": 