{
  "network": {
    "N": 1351,
    "edges": 2610,
    "density": 0.0014299794926695745,
    "layer_distribution": {
      "ORN": 33,
      "PN": 124,
      "KC": 1099,
      "APL": 19,
      "MBON": 76,
      "total": 1351
    },
    "source": "hemibrain_real_connectome_v3.json",
    "method": "degree_profile_stratified_sampling_LCC"
  },
  "topology": {
    "sigma_mean": 113.87155806585362,
    "sigma_std": 1.5946952440628395,
    "C_mean": 0.0999068773794199,
    "L_mean": 6.717792592592592,
    "alpha_mean": 2.0,
    "el_ratio_mean": 1.0,
    "per_seed": [
      {
        "seed": 42,
        "sigma": 112.3560313455342,
        "C": 0.0999068773794199,
        "L": 6.807081481481481,
        "alpha": 2.0,
        "el": 1.0
      },
      {
        "seed": 7,
        "sigma": 116.07568357020591,
        "C": 0.0999068773794199,
        "L": 6.588948148148148,
        "alpha": 2.0,
        "el": 1.0
      },
      {
        "seed": 13,
        "sigma": 113.18295928182074,
        "C": 0.0999068773794199,
        "L": 6.757348148148148,
        "alpha": 2.0,
        "el": 1.0
      }
    ]
  },
  "functional": {
    "kc_sparsity": 0.025508037609948443,
    "mean_cosine_distance": 0.05760475649601373,
    "odor_kc_rates": {
      "odor_A": 0.02669093114952988,
      "odor_B": 0.023809523809523808,
      "odor_C": 0.026539278131634817,
      "odor_D": 0.02578101304215954,
      "odor_E": 0.02471944191689415
    },
    "cosine_dist_matrix": [
      [
        1.0,
        0.1079545050084089,
        0.005681816053074365,
        0.03409089631844489,
        0.07386360868996389
      ],
      [
        0.1079545050084089,
        1.0,
        0.10285710410058599,
        0.07647055857371407,
        0.03680980105988801
      ],
      [
        0.005681816053074365,
        0.10285710410058599,
        1.0,
        0.02857141780571815,
        0.06857140273372382
      ],
      [
        0.03409089631844489,
        0.07647055857371407,
        0.02857141780571815,
        1.0,
        0.04117645461661518
      ],
      [
        0.07386360868996389,
        0.03680980105988801,
        0.06857140273372382,
        0.04117645461661518,
        1.0
      ]
    ]
  },
  "validation": {
    "KC\u7a00\u758f\u6027 < 10%": true,
    "\u6c14\u5473\u5206\u8fa8\u7387 > 0.05": true,
    "\u03c3 > 1.0 (\u5c0f\u4e16\u754c)": true,
    "C > 0.01": true,
    "L > 1.0": true,
    "\u03b1 \u2208 [1.5, 5.0]": true,
    "E-L ratio \u2208 [0.10, 0.35]": false
  },
  "all_pass": false,
  "baseline_exp1": {
    "sigma": 4.71,
    "C": 0.337,
    "L": 2.44,
    "alpha": 2.32,
    "el": 0.191
  },
  "parameters": {
    "THETA_LTP": 65,
    "THETA_LTD": 15,
    "ETA_LTP": 0.012,
    "ETA_LTD": 0.008,
    "TAU_STDP": 20.0,
    "CASCADE_MAX": 10,
    "T_ABS": 3,
    "T_REL": 8,
    "N_STEPS": 3000,
    "SEEDS": [
      42,
      7,
      13
    ]
  }
}