{
  "C.elegans": {
    "N": 279,
    "k_avg": 16.4,
    "sigma": 0.17465933413269624,
    "C": 0.053261010634643134,
    "L": 1.9294964028776977,
    "alpha": 4.370996952249669,
    "el_ratio": 0.30619345859429364,
    "passes": {
      "sigma": false,
      "C": false,
      "L": false,
      "alpha": false,
      "el_ratio": false
    },
    "score": 0,
    "time": 4.761030673980713,
    "logs": {
      "step": [
        0,
        100,
        200,
        300,
        400,
        500,
        600,
        700,
        800,
        900
      ],
      "sigma": [
        0.17570755219200723,
        0.17581746558634728,
        0.17594954331184098,
        0.17563069454873134,
        0.17570755219200723,
        0.17474620771346352,
        0.17523648636843617,
        0.17563069454873134,
        0.17598259375514044,
        0.17561972037386575
      ],
      "C": [
        0.053261010634643134,
        0.053261010634643134,
        0.053261010634643134,
        0.053261010634643134,
        0.053261010634643134,
        0.053261010634643134,
        0.053261010634643134,
        0.053261010634643134,
        0.053261010634643134,
        0.053261010634643134
      ],
      "L": [
        1.9179856115107914,
        1.9167865707434053,
        1.9153477218225419,
        1.9188249400479616,
        1.9179856115107914,
        1.928537170263789,
        1.9231414868105516,
        1.9188249400479616,
        1.9149880095923262,
        1.9189448441247003
      ],
      "alpha": [
        0,
        3.959423053114409,
        4.100220432546012,
        4.1464334806935055,
        4.083569563282038,
        4.521986851645053,
        4.485120602325431,
        4.443010508252088,
        4.42937199737416,
        4.406589945644671
      ],
      "el_ratio": [
        0.0,
        0.027835768963117607,
        0.06031083275342148,
        0.09278589654372535,
        0.12062166550684296,
        0.15309672929714682,
        0.1855717930874507,
        0.21340756205056832,
        0.2458826258408722,
        0.2783576896311761
      ]
    }
  },
  "Larval_Drosophila": {
    "N": 321,
    "k_avg": 51.6,
    "sigma": 0.17263409349246828,
    "C": 0.1446863105675063,
    "L": 1.725703125,
    "alpha": 3.8793634943127118,
    "el_ratio": 0.08770764119601329,
    "passes": {
      "sigma": false,
      "C": false,
      "L": false,
      "alpha": false,
      "el_ratio": false
    },
    "score": 0,
    "time": 8.432712316513062,
    "logs": {
      "step": [
        0,
        100,
        200,
        300,
        400,
        500,
        600,
        700,
        800,
        900
      ],
      "sigma": [
        0.17258981765532247,
        0.17143114957539704,
        0.17191547657888606,
        0.17262106882945125,
        0.17234021502659527,
        0.17226755019674425,
        0.17284014433833012,
        0.17245452655368718,
        0.17258981765532247,
        0.17194648399966023
      ],
      "C": [
        0.1446863105675063,
        0.1446863105675063,
        0.1446863105675063,
        0.1446863105675063,
        0.1446863105675063,
        0.1446863105675063,
        0.1446863105675063,
        0.1446863105675063,
        0.1446863105675063,
        0.1446863105675063
      ],
      "L": [
        1.7261458333333333,
        1.7378125,
        1.7329166666666667,
        1.7258333333333333,
        1.7286458333333334,
        1.729375,
        1.7236458333333333,
        1.7275,
        1.7261458333333333,
        1.7326041666666667
      ],
      "alpha": [
        0,
        3.746055363952773,
        3.8303657308998877,
        3.831933875823922,
        4.05886114956094,
        4.036116885698981,
        3.9946771729641064,
        3.951872869532309,
        3.9206464825785403,
        3.8963910549588214
      ],
      "el_ratio": [
        0.0,
        0.007973421926910298,
        0.01727574750830565,
        0.026578073089700997,
        0.0345514950166113,
        0.043853820598006646,
        0.053156146179401995,
        0.061129568106312294,
        0.07043189368770764,
        0.07973421926910298
      ]
    }
  },
  "Mouse_Cortex": {
    "N": 112,
    "k_avg": 58.4,
    "sigma": 0.21776050288929832,
    "C": 0.3987926918633141,
    "L": 1.351126126126126,
    "alpha": 2.588903109314557,
    "el_ratio": 0.2635256538231184,
    "passes": {
      "sigma": false,
      "C": true,
      "L": false,
      "alpha": false,
      "el_ratio": true
    },
    "score": 2,
    "time": 3.5394527912139893,
    "logs": {
      "step": [
        0,
        100,
        200,
        300,
        400,
        500,
        600,
        700,
        800,
        900
      ],
      "sigma": [
        0.21854984220938556,
        0.2159962395557045,
        0.21728963021172668,
        0.21772420947215013,
        0.21796639435476653,
        0.21690479137141364,
        0.21859860388770092,
        0.2170008732280566,
        0.2163778583535061,
        0.2171932925348427
      ],
      "C": [
        0.3987926918633141,
        0.3987926918633141,
        0.3987926918633141,
        0.3987926918633141,
        0.3987926918633141,
        0.3987926918633141,
        0.3987926918633141,
        0.3987926918633141,
        0.3987926918633141,
        0.3987926918633141
      ],
      "L": [
        1.3462462462462463,
        1.3621621621621622,
        1.354054054054054,
        1.3513513513513513,
        1.34984984984985,
        1.3564564564564565,
        1.345945945945946,
        1.3558558558558558,
        1.3597597597597597,
        1.3546546546546547
      ],
      "alpha": [
        0,
        2.314691583325319,
        2.66750177437311,
        2.6697585422571697,
        2.6547507509242267,
        2.6363702973554357,
        2.6248993202213082,
        2.611997390375876,
        2.6049258982946313,
        2.593477599829766
      ],
      "el_ratio": [
        0.0,
        0.02395687762028349,
        0.05190656817728089,
        0.0798562587342783,
        0.10381313635456178,
        0.1317628269115592,
        0.1597125174685566,
        0.1836693950888401,
        0.21161908564583748,
        0.2395687762028349
      ]
    }
  },
  "Rat_Cortex": {
    "N": 73,
    "k_avg": 26.3,
    "sigma": 0.19206400615913485,
    "C": 0.2913400018022889,
    "L": 1.5027777777777778,
    "alpha": 2.3211794527000476,
    "el_ratio": 0.3934948979591837,
    "passes": {
      "sigma": false,
      "C": false,
      "L": true,
      "alpha": true,
      "el_ratio": false
    },
    "score": 2,
    "time": 2.0920250415802,
    "logs": {
      "step": [
        0,
        100,
        200,
        300,
        400,
        500,
        600,
        700,
        800,
        900
      ],
      "sigma": [
        0.19421799501325598,
        0.19218241800017008,
        0.19153295360754277,
        0.19230097593847983,
        0.19200485494073047,
        0.1907710416133879,
        0.19106336622511544,
        0.1924790873703463,
        0.1928363018844886,
        0.1927170831507115
      ],
      "C": [
        0.2913400018022889,
        0.2913400018022889,
        0.2913400018022889,
        0.2913400018022889,
        0.2913400018022889,
        0.2913400018022889,
        0.2913400018022889,
        0.2913400018022889,
        0.2913400018022889,
        0.2913400018022889
      ],
      "L": [
        1.4861111111111112,
        1.5018518518518518,
        1.5069444444444444,
        1.500925925925926,
        1.5032407407407407,
        1.512962962962963,
        1.5106481481481482,
        1.4995370370370371,
        1.4967592592592593,
        1.4976851851851851
      ],
      "alpha": [
        0,
        2.2979878576226604,
        2.333980368053804,
        2.363180636778698,
        2.3555121236291763,
        2.347718138447642,
        2.3387513077544666,
        2.3274601769801935,
        2.32531333128336,
        2.3232129008918045
      ],