{
  "experiment": "L4_combinatorial",
  "photo_improvement": 0.467985897086169,
  "chemo_improvement": 0.4848742986262502,
  "single_task_avg": 0.4764300978562096,
  "combo_score": 0.78272150530922,
  "switch_cost": 1.0,
  "interference": 0.0,
  "l4_pass_combo": "True",
  "l4_pass_switch": false,
  "l4_pass_interference": "True",
  "l4_overall": false,
  "brain_state": {
    "brain_id": "l4_brain",
    "regions": {
      "vis": {
        "sigma": 9.290591659096751,
        "alpha": -0.4879466698719813,
        "C": 0.30147113997114,
        "L": 2.6486868686868688,
        "el_ratio": 0.1675,
        "k_avg": 8.0,
        "F_mean": 1.025686066492644,
        "scaling_events": 942,
        "glia_events": 0,
        "active": 0,
        "mean_V": 6.503527575724022
      },
      "chem": {
        "sigma": 8.563086200273986,
        "alpha": -0.32282007912630173,
        "C": 0.27322294372294365,
        "L": 2.6044444444444443,
        "el_ratio": 0.175,
        "k_avg": 8.0,
        "F_mean": 1.0493676962992862,
        "scaling_events": 927,
        "glia_events": 0,
        "active": 0,
        "mean_V": 4.000531303789291
      },
      "assoc": {
        "sigma": 7.287950092576388,
        "alpha": 1.5669467460291264,
        "C": 0.2545494858884952,
        "L": 2.4165548098434004,
        "el_ratio": 0.18,
        "k_avg": 12.0,
        "F_mean": 1.0499999949999999,
        "scaling_events": 1937,
        "glia_events": 0,
        "active": 0,
        "mean_V": 4.000000000000006
      },
      "motor": {
        "sigma": 8.078683324775776,
        "alpha": 0.6875994101318138,
        "C": 0.2538881673881673,
        "L": 2.565252525252525,
        "el_ratio": 0.215,
        "k_avg": 8.0,
        "F_mean": 1.0417466315138069,
        "scaling_events": 932,
        "glia_events": 0,
        "active": 0,
        "mean_V": 4.000000335011504
      }
    },
    "total_active": 0,
    "mean_sigma": 8.305077819180726,
    "mean_el": 0.18437499999999998
  }
}