{
  "version": "v30",
  "total_neurons": 13200,
  "regions": {
    "AL": {
      "name": "Antennal Lobe",
      "neurons": 300,
      "synapses": 16494,
      "synapse_density": 54.98,
      "clustering": 0.10075083987219892,
      "betweenness": 0.0020112308644799396,
      "small_world": 7.197716656273684,
      "modularity": 0.801243744017438,
      "fraction_total": 0.022727272727272728,
      "synapse_share": 0.019152434521293643
    },
    "MB": {
      "name": "Mushroom Body",
      "neurons": 4000,
      "synapses": 208678,
      "synapse_density": 52.1695,
      "clustering": 0.36856518637521724,
      "betweenness": 0.00015023452872733867,
      "small_world": 3.786013964461779,
      "modularity": 0.7713195922818484,
      "fraction_total": 0.30303030303030304,
      "synapse_share": 0.24231185467651964
    },
    "CX": {
      "name": "Central Complex",
      "neurons": 500,
      "synapses": 23993,
      "synapse_density": 47.986,
      "clustering": 0.5781595463813841,
      "betweenness": 0.00018696125197741642,
      "small_world": 3.742704180324376,
      "modularity": 0.7693157912928735,
      "fraction_total": 0.03787878787878788,
      "synapse_share": 0.02786009224380977
    },
    "LH": {
      "name": "Lateral Horn",
      "neurons": 200,
      "synapses": 8275,
      "synapse_density": 41.375,
      "clustering": 0.18004024389851248,
      "betweenness": 0.0007341108959092286,
      "small_world": 3.1072773885570033,
      "modularity": 0.34808833511580844,
      "fraction_total": 0.015151515151515152,
      "synapse_share": 0.009608730184534066
    },
    "OL": {
      "name": "Optic Lobe",
      "neurons": 6000,
      "synapses": 465479,
      "synapse_density": 77.57983333333334,
      "clustering": 0.22312184889899553,
      "betweenness": 0.00021813469463126745,
      "small_world": 4.328865572886935,
      "modularity": 0.43372233932221876,
      "fraction_total": 0.45454545454545453,
      "synapse_share": 0.5405029749325356
    },
    "SEZ": {
      "name": "Subesophageal Zone",
      "neurons": 700,
      "synapses": 35866,
      "synapse_density": 51.23714285714286,
      "clustering": 0.16454254157019493,
      "betweenness": 0.00433414633958732,
      "small_world": 3.9927304328611637,
      "modularity": 0.3974690584301637,
      "fraction_total": 0.05303030303030303,
      "synapse_share": 0.041646733147854845
    },
    "VNC": {
      "name": "Ventral Nerve Cord",
      "neurons": 1500,
      "synapses": 102411,
      "synapse_density": 68.274,
      "clustering": 0.3236742152978052,
      "betweenness": 0.00012315010460444965,
      "small_world": 4.949957691741136,
      "modularity": 0.7605555995708494,
      "fraction_total": 0.11363636363636363,
      "synapse_share": 0.11891718029345236
    }
  },
  "cross_region_coupling": {
    "AL<->MB": 0.4991,
    "AL<->CX": 0.4538,
    "AL<->LH": 0.3249,
    "AL<->OL": 0.4262,
    "AL<->SEZ": 0.517,
    "AL<->VNC": 0.5538,
    "MB<->CX": 0.9093,
    "MB<->LH": 0.6509,
    "MB<->OL": 0.5881,
    "MB<->SEZ": 0.9313,
    "MB<->VNC": 0.5844,
    "CX<->LH": 0.7158,
    "CX<->OL": 0.5348,
    "CX<->SEZ": 0.8779,
    "CX<->VNC": 0.5314,
    "LH<->OL": 0.3828,
    "LH<->SEZ": 0.6284,
    "LH<->VNC": 0.3804,
    "OL<->SEZ": 0.6092,
    "OL<->VNC": 0.7696,
    "SEZ<->VNC": 0.6053
  },
  "strongest_coupling": [
    [
      "MB<->SEZ",
      0.9313
    ],
    [
      "MB<->CX",
      0.9093
    ],
    [
      "CX<->SEZ",
      0.8779
    ],
    [
      "OL<->VNC",
      0.7696
    ],
    [
      "CX<->LH",
      0.7158
    ]
  ]
}