{
  "version": "v22",
  "N": 279,
  "final": {
    "sigma": 2.7363509780991917,
    "alpha": 0.5336028988312725,
    "C": 0.23180436091884543,
    "L": 2.2483174750522164,
    "el_ratio": 0.3438928804702809,
    "F_final": 0.0358896062418573
  },
  "logs": {
    "step": [
      0,
      50,
      100,
      150,
      200,
      250
    ],
    "sigma": [
      3.2029973462129444,
      2.7363509780991917,
      2.7363509780991917,
      2.7363509780991917,
      2.7363509780991917,
      2.7363509780991917
    ],
    "alpha": [
      0.0,
      0.0,
      0.0,
      0.3731240099156718,
      0.444699968540921,
      0.4962624581986333
    ],
    "el_ratio": [
      0.0,
      0.39386022207707383,
      0.43141737426518617,
      0.42749836708033967,
      0.4408883082952319,
      0.4075767472240366
    ],
    "bonds": [
      2579,
      2755,
      2755,
      2755,
      2755,
      2755
    ],
    "theta": [
      29,
      5,
      5,
      5,
      5,
      5
    ],
    "F_global": [
      0.028134007253269727,
      0.029819220799957438,
      0.0332133795596784,
      0.032775031042021105,
      0.034159174877627284,
      0.03900363804833063
    ],
    "L": [
      2.3058198602408395,
      2.2483174750522164,
      2.2483174750522164,
      2.2483174750522164,
      2.2483174750522164,
      2.2483174750522164
    ],
    "glia": [
      0,
      2,
      4,
      6,
      8,
      10
    ],
    "scaling": [
      0,
      15,
      30,
      50,
      65,
      80
    ]
  },
  "glia_events": 13,
  "scaling_events": 98
}