{
  "version": "v9",
  "N": 279,
  "tau_base": 5.0,
  "tau_alpha": 2.0,
  "final_tau_mean": 2.4671995101575637,
  "final_tau_min": 1.0,
  "final_tau_max": 5.0,
  "final_surprise_mean": 0.7438901797632874,
  "tau_history": [
    5.0,
    2.5831002869298896,
    2.115083731064949,
    2.4189430695346945,
    2.3776338260036036,
    2.325619740618753,
    2.182151561833103,
    2.2530078199884267,
    2.4064413470878754,
    2.264690488058693,
    2.0869026823810777,
    2.4620249678813693,
    2.4538182652639065,
    1.9575550294527422,
    2.4918644762842086,
    2.0869909429925366,
    2.49328243930647,
    2.3669636087120343,
    2.5810624686741743,
    2.2781062358893136,
    2.3416514346424018,
    2.345307865484773,
    2.4269356100551818,
    2.4767924354443323,
    2.4257440250992226,
    2.464315694716147,
    2.476551210342812,
    2.528871357774789,
    2.5291370313362656,
    2.4813790409707432
  ],
  "sigma_history": [
    3.769973048244329,
    2.1236584708869497,
    0.301279265136391,
    0.1029787436859959,
    0.08719910385200232,
    0.08646943251672239,
    0.08578794682759538,
    0.08463747607243967,
    0.08495659140787386,
    0.0848759007480462,
    0.08361350077631097,
    0.08429522729894848,
    0.08434470711386376,
    0.08338455607038903,
    0.08391967385905288,
    0.08435959543232971,
    0.0837901486715192,
    0.083707210919188,
    0.08394530425220144,
    0.08349185317162995,
    0.08376286254212637,
    0.08378846522043745,
    0.08300876292319305,
    0.08379953987431141,
    0.08384201402364075,
    0.08363031270647309,
    0.08348128125593614,
    0.0835766241863919,
    0.08284337346612979,
    0.08327935273090706
  ],
  "el_ratio_history": [
    0.0,
    0.0,
    0.06951456310679612,
    0.08155339805825243,
    0.08349514563106795,
    0.08349514563106795,
    0.08349514563106795,
    0.08349514563106795,
    0.08349514563106795,
    0.08349514563106795,
    0.08349514563106795,
    0.08349514563106795,
    0.08349514563106795,
    0.08349514563106795,
    0.08349514563106795,
    0.08349514563106795,
    0.08349514563106795,
    0.08349514563106795,
    0.08349514563106795,
    0.08349514563106795,
    0.08349514563106795,
    0.08349514563106795,
    0.08349514563106795,
    0.08349514563106795,
    0.08349514563106795,
    0.08349514563106795,
    0.08349514563106795,
    0.08349514563106795,
    0.08349514563106795,
    0.08349514563106795
  ],
  "F_global": [
    0.3622233905507258,
    0.35143430185499147,
    0.35330528827016416,
    0.35540566066669854,
    0.35656016576232347,
    0.3669378222609589,
    0.3683955102211087,
    0.38133280662838664,
    0.37728728567676645,
    0.3890706886041251,
    0.39188120529842024,
    0.40580141777689727,
    0.4250466370861887,
    0.41777600477490656,
    0.4419839988310693,
    0.4455787246690933,
    0.4590639220109335,
    0.4712674861695811,
    0.48947781594533185,
    0.49882628621487685,
    0.523322817278628,
    0.5319711173338644,
    0.5601702750202645,
    0.5727742259465065,
    0.5978034431870617,
    0.6123740214294296,
    0.6350208625146795,
    0.6576547748578989,
    0.6832471416497882,
    0.7075594256257633
  ],
  "glia_events": 0,
  "scaling_events": 9718
}