{
  "Human_Brain": {
    "alpha_dev": 60.0,
    "alpha_algo": 4.166666666666667,
    "alpha_impl": 0.97,
    "alpha_dev_algo": 3.896103896103896,
    "alpha_combined": 3.779220779220779,
    "alpha_sys": 3.779220779220779,
    "fisher_bound": 0.5,
    "bottleneck": "algorithm",
    "impl_efficiency": 0.97,
    "gamma_st": 0.45,
    "CST_demo": 3.505601956692784
  },
  "C_elegans": {
    "alpha_dev": 1.0954451150103324,
    "alpha_algo": 4.0,
    "alpha_impl": 0.95,
    "alpha_dev_algo": 0.8599406648760349,
    "alpha_combined": 0.8169436316322332,
    "alpha_sys": 0.8169436316322332,
    "fisher_bound": 0.5,
    "bottleneck": "device",
    "impl_efficiency": 0.95,
    "gamma_st": 0.35,
    "CST_demo": 0.8518397714158431
  },
  "GPT4": {
    "alpha_dev": 10.857362047581296,
    "alpha_algo": 4.852030263919617,
    "alpha_impl": 0.15000000000000002,
    "alpha_dev_algo": 3.3534237478192757,
    "alpha_combined": 0.5030135621728914,
    "alpha_sys": 0.5030135621728914,
    "fisher_bound": 0.5,
    "bottleneck": "algorithm",
    "impl_efficiency": 0.15000000000000002,
    "gamma_st": 0.08,
    "CST_demo": 0.6662795060992398
  },
  "GPT4_Wafer": {
    "alpha_dev": 10.857362047581296,
    "alpha_algo": 4.852030263919617,
    "alpha_impl": 0.95,
    "alpha_dev_algo": 3.3534237478192757,
    "alpha_combined": 3.1857525604283117,
    "alpha_sys": 3.1857525604283117,
    "fisher_bound": 0.5,
    "bottleneck": "algorithm",
    "impl_efficiency": 0.95,
    "gamma_st": 0.08,
    "CST_demo": 0.8257799892388369
  },
  "SDSoW_Gen3": {
    "alpha_dev": 19.931568569324174,
    "alpha_algo": 5.99146454710798,
    "alpha_impl": 0.95,
    "alpha_dev_algo": 4.606686490542641,
    "alpha_combined": 4.376352166015509,
    "alpha_sys": 4.376352166015509,
    "fisher_bound": 0.5,
    "bottleneck": "algorithm",
    "impl_efficiency": 0.95,
    "gamma_st": 0.48,
    "CST_demo": 5.229741952843078
  },
  "SDSoW_Gen3_PCB": {
    "alpha_dev": 19.931568569324174,
    "alpha_algo": 5.99146454710798,
    "alpha_impl": 0.4,
    "alpha_dev_algo": 4.606686490542641,
    "alpha_combined": 1.8426745962170565,
    "alpha_sys": 1.8426745962170565,
    "fisher_bound": 0.5,
    "bottleneck": "algorithm",
    "impl_efficiency": 0.4,
    "gamma_st": 0.48,
    "CST_demo": 1.5499097501956793
  },
  "iNEST_Chiplet": {
    "alpha_dev": 19.586911633810907,
    "alpha_algo": 4.090909090909091,
    "alpha_impl": 0.75,
    "alpha_dev_algo": 3.3841068313324527,
    "alpha_combined": 2.5380801234993395,
    "alpha_sys": 2.5380801234993395,
    "fisher_bound": 0.5,
    "bottleneck": "algorithm",
    "impl_efficiency": 0.75,
    "gamma_st": 0.42,
    "CST_demo": 1.8583826180335294
  }
}