{
  "VGG-16": {
    "Sc": 0.5511568571139898,
    "Tc": 0.22011445422733075,
    "Gst": 0.5960096838099741,
    "CST": 0.18303154338350924,
    "level": "L0",
    "X1": 0.673145600891813,
    "X2": 0.5,
    "X3": 0.4557954836217134,
    "X4": 0.6944756614997374,
    "Y1": 0.6029961458872527,
    "Y2": 0.9644908308982849,
    "Y3": 0.02,
    "Y4": 0.15350088477134705,
    "alpha": 0.69,
    "params": "138M",
    "year": 2015,
    "source": "ImageNet pretrained"
  },
  "ResNet-50": {
    "Sc": 0.47226980923353595,
    "Tc": 0.25469176453550274,
    "Gst": 0.7081476010862794,
    "CST": 0.1960698680298615,
    "level": "L0",
    "X1": 0.6972166887783963,
    "X2": 0.34753068574288004,
    "X3": 0.6529150863425722,
    "X4": 0.3117513561862972,
    "alpha": 0.69,
    "params": "25M",
    "year": 2016,
    "source": "ImageNet pretrained"
  },
  "ViT-B/16": {
    "Sc": 0.5005887998991106,
    "Tc": 0.2667562769352725,
    "Gst": 0.6377964320330338,
    "CST": 0.20735756818102616,
    "level": "L0",
    "X1": 0.6926252447967297,
    "X2": 0.3839174400131203,
    "X3": 0.6030382106124347,
    "X4": 0.4074115315963871,
    "alpha": 0.69,
    "params": "86M",
    "year": 2020,
    "source": "ImageNet pretrained"
  },
  "MobileNet-V3": {
    "Sc": 0.4738268954523088,
    "Tc": 0.22905394273600627,
    "Gst": 0.745933981876608,
    "CST": 0.18158770454999737,
    "level": "L0",
    "X1": 0.6972166887783963,
    "X2": 0.34753068574288004,
    "X3": 0.660118323080065,
    "X4": 0.3117513561862972,
    "alpha": 0.69,
    "params": "2.5M",
    "year": 2019,
    "source": "ImageNet pretrained"
  },
  "LeNet-5": {
    "Sc": 0.23592537966118313,
    "Tc": 0.20747053876095115,
    "Gst": 1.0,
    "CST": 0.09758752190236854,
    "level": "L0",
    "X1": 0.5916079783099616,
    "X2": 0.8613531161467861,
    "X3": 0.013367339081494706,
    "X4": 1.0,
    "alpha": 0.69,
    "params": "60K",
    "year": 1998,
    "source": "kaiming init"
  },
  "GPT-2 Small": {
    "Sc": 0.51,
    "Tc": 0.26544351089459944,
    "Gst": 0.08,
    "CST": 0.14305905253223883,
    "level": "L0",
    "Y1": 0.9277646075716851,
    "Y2": 0.9814422130584717,
    "Y3": 0.02,
    "Y4": 0.20071759819984436,
    "alpha": 0.69,
    "params": "117M",
    "year": 2019,
    "source": "architectural estimate (Radford 2019)"
  }
}