{
  "LeNet-5": {
    "Sc": 0.26023849328955934,
    "Tc": 0.14290689250189129,
    "Gst": 0.04,
    "CST": 0.038230611018840795,
    "level": "L0",
    "X1": 0.9660917830792959,
    "X2": 0.8613531161467861,
    "X3": 0.013367339081494706,
    "X4": 1.0,
    "Y1": 0.8692183640129408,
    "Y2": 0.9822635650634766,
    "Y3": 0.02,
    "Y4": 0.01,
    "alpha": 0.69,
    "params": "60K",
    "year": 1998,
    "source": "PyTorch official pretrained"
  },
  "VGG-16": {
    "Sc": 0.5511568571139898,
    "Tc": 0.1880693802388544,
    "Gst": 0.05,
    "CST": 0.10729425485609373,
    "level": "L0",
    "X1": 0.673145600891813,
    "X2": 0.5,
    "X3": 0.4557954836217134,
    "X4": 0.6944756614997374,
    "Y1": 0.6029961458872527,
    "Y2": 0.9644908308982849,
    "Y3": 0.02,
    "Y4": 0.06989700043360189,
    "alpha": 0.69,
    "params": "138M",
    "year": 2015,
    "source": "PyTorch official pretrained"
  },
  "ResNet-50": {
    "Sc": 0.47226980923353595,
    "Tc": 0.19927179262525,
    "Gst": 0.06,
    "CST": 0.0980879826436143,
    "level": "L0",
    "X1": 0.6972166887783963,
    "X2": 0.34753068574288004,
    "X3": 0.6529150863425722,
    "X4": 0.3117513561862972,
    "Y1": 0.7247571782655772,
    "Y2": 0.9748896360397339,
    "Y3": 0.02,
    "Y4": 0.06989700043360189,
    "alpha": 0.69,
    "params": "25M",
    "year": 2016,
    "source": "PyTorch official pretrained"
  },
  "MobileNet-V3": {
    "Sc": 0.4738268954523088,
    "Tc": 0.14842314036993673,
    "Gst": 0.04,
    "CST": 0.07229493182965267,
    "level": "L0",
    "X1": 0.6972166887783963,
    "X2": 0.34753068574288004,
    "X3": 0.660118323080065,
    "X4": 0.3117513561862972,
    "Y1": 0.5362790176724468,
    "Y2": 0.844927966594696,
    "Y3": 0.02,
    "Y4": 0.03010299956639812,
    "alpha": 0.69,
    "params": "2.5M",
    "year": 2019,
    "source": "PyTorch official pretrained"
  },
  "ViT-B/16": {
    "Sc": 0.5005887998991106,
    "Tc": 0.19694370864950328,
    "Gst": 0.1,
    "CST": 0.10563055451524694,
    "level": "L0",
    "X1": 0.6926252447967297,
    "X2": 0.3839174400131203,
    "X3": 0.6030382106124347,
    "X4": 0.4074115315963871,
    "Y1": 0.5594661347904409,
    "Y2": 0.9528178572654724,
    "Y3": 0.02,
    "Y4": 0.1,
    "alpha": 0.69,
    "params": "86M",
    "year": 2020,
    "source": "PyTorch official pretrained"
  },
  "GPT-2 Small": {
    "Sc": 0.4890452526809312,
    "Tc": 0.21193071794109566,
    "Gst": 0.08,
    "CST": 0.10952569361052743,
    "level": "L0",
    "Y1": 0.3362912544039973,
    "Y2": 0.9745388031005859,
    "Y3": 0.02,
    "Y4": 0.3010299956639812,
    "X1": 0.6959705453537527,
    "X2": 0.35810446350208275,
    "X3": 0.673495667083329,
    "X4": 0.3393419622620517,
    "alpha": 0.69,
    "params": "117M",
    "year": 2019,
    "source": "HuggingFace pretrained"
  },
  "BERT-base": {
    "Sc": 0.4507994377140958,
    "Tc": 0.24165372686294848,
    "Gst": 0.09,
    "CST": 0.11591684453839118,
    "level": "L0",
    "Y1": 0.5636015501773719,
    "Y2": 0.9644851684570312,
    "Y3": 0.02,
    "Y4": 0.2709269960975831,
    "X1": 0.6998042779215202,
    "X2": 0.32311093488599274,
    "X3": 0.6956912719152266,
    "X4": 0.249624908903088,
    "alpha": 0.69,
    "params": "110M",
    "year": 2018,
    "source": "HuggingFace pretrained"
  }
}