{
  "sigma": 0.030561,
  "alpha": 1.119,
  "el_ratio_final": 0.157234,
  "C_clustering": 1.0,
  "small_world_score": 20.0,
  "biological_fidelity_score": 0.3961,
  "score_sigma": 0.1442,
  "score_alpha": 0.3552,
  "score_el": 0.7313,
  "score_clustering": 0,
  "score_sw": 1,
  "n_neurons": 5000,
  "n_synapses": 259029,
  "steps": 1500,
  "elapsed": 0.6,
  "sigma_traj": [
    0.052027,
    0.029792,
    0.031332,
    0.031121,
    0.030925,
    0.030742,
    0.030163,
    0.031187,
    0.031135,
    0.031236
  ],
  "alpha_traj": [
    1.1545,
    1.1195,
    1.121,
    1.1406,
    1.1181,
    1.1212,
    1.1374,
    1.1218,
    1.1232,
    1.1195
  ],
  "el_traj": [
    0.54367,
    0.462954,
    0.348925,
    0.308905,
    0.205066,
    0.191958,
    0.177512,
    0.168757,
    0.173962,
    0.177571
  ],
  "status": "COMPLETE"
}