{
  "celegans": {
    "system": "C.elegans",
    "n_neurons": 299,
    "n_synapses": 3142,
    "Sc": 0.7001,
    "Tc": 0.2985,
    "gamma_st": 0.35,
    "alpha": 4.0,
    "CST": 0.8477,
    "intelligence_level": 1,
    "components": {
      "X1": 1.0,
      "X2": 0.6880753133771245,
      "X3": 0.34922795169024184,
      "X4": 1.0,
      "k_max": 11,
      "avg_deg": 15.986622073578594,
      "lambda_eff": 0.9503355695775357,
      "phi": 0.025214347125325925,
      "psi": 0.55,
      "theta": 0.5375586854448942,
      "chem_edges": 2130,
      "gap_edges": 1012
    }
  },
  "ai_architectures": [
    {
      "name": "LeNet-5",
      "year": 1998,
      "n_params": 60000,
      "architecture_type": "CNN",
      "Sc": 0.5634,
      "Tc": 0.1627,
      "gamma_st": 0.1214,
      "alpha": 2.177,
      "CST": 0.1194,
      "intelligence_level": 0,
      "sc_components": {
        "X1": 0.65,
        "X2": 0.4336,
        "X3": 0.65,
        "X4": 0.55
      },
      "tc_components": {
        "lambda_eff": 0.8,
        "phi": 0.25,
        "psi": 0.02,
        "theta": 0.12
      },
      "notes": "LeCun et al. 1998; 局部感受野CNN"
    },
    {
      "name": "AlexNet",
      "year": 2012,
      "n_params": 60000000,
      "architecture_type": "CNN",
      "Sc": 0.5645,
      "Tc": 0.1627,
      "gamma_st": 0.1216,
      "alpha": 2.177,
      "CST": 0.1197,
      "intelligence_level": 0,
      "sc_components": {
        "X1": 0.62,
        "X2": 0.4582,
        "X3": 0.65,
        "X4": 0.55
      },
      "tc_components": {
        "lambda_eff": 0.8,
        "phi": 0.25,
        "psi": 0.02,
        "theta": 0.12
      },
      "notes": "Krizhevsky et al. 2012; ImageNet突破"
    },
    {
      "name": "VGG-16",
      "year": 2014,
      "n_params": 138000000,
      "architecture_type": "CNN",
      "Sc": 0.6052,
      "Tc": 0.1627,
      "gamma_st": 0.1232,
      "alpha": 2.182,
      "CST": 0.1289,
      "intelligence_level": 0,
      "sc_components": {
        "X1": 0.635,
        "X2": 0.5908,
        "X3": 0.65,
        "X4": 0.55
      },
      "tc_components": {
        "lambda_eff": 0.8,
        "phi": 0.25,
        "psi": 0.02,
        "theta": 0.12
      },
      "notes": "Simonyan & Zisserman 2014"
    },
    {
      "name": "ResNet-50",
      "year": 2015,
      "n_params": 25000000,
      "architecture_type": "CNN",
      "Sc": 0.6489,
      "Tc": 0.164,
      "gamma_st": 0.16,
      "alpha": 2.307,
      "CST": 0.1539,
      "intelligence_level": 0,
      "sc_components": {
        "X1": 0.605,
        "X2": 0.8198,
        "X3": 0.55,
        "X4": 0.65
      },
      "tc_components": {
        "lambda_eff": 0.82,
        "phi": 0.25,
        "psi": 0.02,
        "theta": 0.12
      },
      "notes": "He et al. 2015; 残差学习"
    },
    {
      "name": "BERT-base",
      "year": 2018,
      "n_params": 110000000,
      "architecture_type": "Transformer",
      "Sc": 0.594,
      "Tc": 0.1893,
      "gamma_st": 0.0707,
      "alpha": 2.06,
      "CST": 0.1301,
      "intelligence_level": 0,
      "sc_components": {
        "X1": 0.896,
        "X2": 0.5348,
        "X3": 0.3997,
        "X4": 0.65
      },
      "tc_components": {
        "lambda_eff": 0.8068,
        "phi": 0.31,
        "psi": 0.02,
        "theta": 0.1929
      },
      "notes": "Devlin et al. 2018; 12头注意力"
    },
    {
      "name": "BERT-large",
      "year": 2018,
      "n_params": 340000000,
      "architecture_type": "Transformer",
      "Sc": 0.6311,
      "Tc": 0.1934,
      "gamma_st": 0.0734,
      "alpha": 2.065,
      "CST": 0.1421,
      "intelligence_level": 0,
      "sc_components": {
        "X1": 0.897,
        "X2": 0.6712,
        "X3": 0.4055,
        "X4": 0.65
      },
      "tc_components": {
        "lambda_eff": 0.8136,
        "phi": 0.32,
        "psi": 0.02,
        "theta": 0.2038
      },
      "notes": "Devlin et al. 2018; 16头注意力"
    },
    {
      "name": "GPT-2 small",
      "year": 2019,
      "n_params": 117000000,
      "architecture_type": "Transformer",
      "Sc": 0.594,
      "Tc": 0.1893,
      "gamma_st": 0.0707,
      "alpha": 2.06,
      "CST": 0.1301,
      "intelligence_level": 0,
      "sc_components": {
        "X1": 0.896,
        "X2": 0.5348,
        "X3": 0.3997,
        "X4": 0.65
      },
      "tc_components": {
        "lambda_eff": 0.8068,
        "phi": 0.31,
        "psi": 0.02,
        "theta": 0.1929
      },
      "notes": "Radford et al. 2019; 单向注意力"
    },
    {
      "name": "GPT-2 large",
      "year": 2019,
      "n_params": 774000000,
      "architecture_type": "Transformer",
      "Sc": 0.6514,
      "Tc": 0.1964,
      "gamma_st": 0.0751,
      "alpha": 2.068,
      "CST": 0.1495,
      "intelligence_level": 0,
      "sc_components": {
        "X1": 0.8976,
        "X2": 0.7529,
        "X3": 0.4099,
        "X4": 0.65
      },
      "tc_components": {
        "lambda_eff": 0.8177,
        "phi": 0.33,
        "psi": 0.02,
        "theta": 0.2103
      },
      "notes": "36层，20头"
    },
    {
      "name": "ViT-B/16",
      "year": 2020,
      "n_params": 86000000,
      "architecture_type": "Transformer",
      "Sc": 0.594,
      "Tc": 0.1893,
      "gamma_st": 0.0707,
      "alpha": 2.06,
      "CST": 0.1301,
      "intelligence_level": 0,
      "sc_components": {
        "X1": 0.896,
        "X2": 0.5348,
        "X3": 0.3997,
        "X4": 0.65
      },
      "tc_components": {
        "lambda_eff": 0.8068,
        "phi": 0.31,
        "psi": 0.02,
        "theta": 0.1929
      },
      "notes": "Dosovitskiy et al. 2020; 图像Transformer"
    },
    {
      "name": "GPT-3",
      "year": 2020,
      "n_params": 175000000000,
      "architecture_type": "Transformer",
      "Sc": 0.7097,
      "Tc": 0.2073,
      "gamma_st": 0.0791,
      "alpha": 2.075,
      "CST": 0.1734,
      "intelligence_level": 0,
      "sc_components": {
        "X1": 0.899,
        "X2": 0.9539,
        "X3": 0.4551,
        "X4": 0.65
      },
      "tc_components": {
        "lambda_eff": 0.8278,
        "phi": 0.38,
        "psi": 0.02,
        "theta": 0.2264
      },
      "notes": "Brown et al. 2020; 96层，96头"
    },
    {
      "name": "ViT-L/16",
      "year": 2020,
      "n_params": 307000000,
      "architecture_type": "Transformer",
      "Sc": 0.6312,
      "Tc": 0.1934,
      "gamma_st": 0.0734,
      "alpha": 2.065,
      "CST": 0.1421,
      "intelligence_level": 0,
      "sc_components": {
        "X1": 0.8976,
        "X2": 0.6712,
        "X3": 0.4055,
        "X4": 0.65
      },
      "tc_components": {
        "lambda_eff": 0.8136,
        "phi": 0.32,
        "psi": 0.02,
        "theta": 0.2038
      },
      "notes": "Large Vision Transformer, 16头"
    },
    {
      "name": "LLaMA-7B",
      "year": 2023,
      "n_params": 7000000000,
      "architecture_type": "Transformer",
      "Sc": 0.6553,
      "Tc": 0.1955,
      "gamma_st": 0.0746,
      "alpha": 2.067,
      "CST": 0.1495,
      "intelligence_level": 0,
      "sc_components": {
        "X1": 0.8984,
        "X2": 0.7291,
        "X3": 0.4332,
        "X4": 0.65
      },
      "tc_components": {
        "lambda_eff": 0.8165,
        "phi": 0.3267,
        "psi": 0.02,
        "theta": 0.2084
      },
      "notes": "Touvron et al. 2023; RoPE, SwiGLU"
    },
    {
      "name": "LLaMA-13B",
      "year": 2023,
      "n_params": 13000000000,
      "architecture_type": "Transformer",
      "Sc": 0.667,
      "Tc": 0.1973,
      "gamma_st": 0.0755,
      "alpha": 2.068,
      "CST": 0.1539,
      "intelligence_level": 0,
      "sc_components": {
        "X1": 0.8986,
        "X2": 0.7743,
        "X3": 0.4376,
        "X4": 0.65
      },
      "tc_components": {
        "lambda_eff": 0.8188,
        "phi": 0.3333,
        "psi": 0.02,
        "theta": 0.2121
      },
      "notes": "40层, 40头"
    },
    {
      "name": "LLaMA-70B",
      "year": 2023,
      "n_params": 70000000000,
      "architecture_type": "Transformer",
      "Sc": 0.6995,