{
  "version": "cst_v5.1_extended_n01_n15",
  "parameters": {
    "kappa": 8.5,
    "beta_plastic": 0.55
  },
  "formula": "CST = (Sc * Tc) * exp(alpha * Gamma_st)",
  "alpha_formula": "alpha = alpha_dev * f(lambda_eff) * (1 + beta * Psi)",
  "alpha_dev_formula": "SNR_eff_dB / 3.0",
  "samples": "N01-N15 (5 ANN-base + 5 LLM + 5 NPU)",
  "n15_range_analysis": {
    "conservative": {
      "snr_db": 15.0,
      "alpha_dev": 5.0,
      "alpha": 7.120748251335243,
      "CST": 19.334131031372173,
      "intelligence_level": 5
    },
    "nominal": {
      "snr_db": 17.5,
      "alpha_dev": 5.833333333333333,
      "alpha": 8.307539626557784,
      "CST": 34.99718637183206,
      "intelligence_level": 5
    },
    "optimistic": {
      "snr_db": 20.0,
      "alpha_dev": 6.666666666666667,
      "alpha": 9.494331001780326,
      "CST": 63.34926829436216,
      "intelligence_level": 5
    }
  },
  "results": {
    "N01_Perceptron": {
      "name": "感知机（Perceptron, 1958）",
      "category": "ANN-基础",
      "year": 1958,
      "X1": 0.3,
      "X2": 0.1,
      "X3": 0.05,
      "X4": 0.15,
      "Sc": 0.10973205286698805,
      "lambda_eff_norm": 0.11943296826671962,
      "lambda_eff_raw": 0.5,
      "Phi": 0.05,
      "Psi": 0.0,
      "Theta": 0.05,
      "Tc": 0.004341839544075538,
      "snr_eff_db": 4.0,
      "alpha_dev": 1.3333333333333333,
      "f_criticality": 0.11943296826671962,
      "g_plasticity": 1.0,
      "alpha": 0.1592439576889595,
      "Gamma_st": 0.02,
      "CST": 0.00047795878585856725,
      "intelligence_level": 0,
      "intelligence_threshold": 0.0,
      "data_quality": "EST",
      "sources": "Rosenblatt 1958 Psych Review",
      "notes": "最简单基准系统；线性激活无真实非线性",
      "device_class": "linear"
    },
    "N02_LeNet5": {
      "name": "LeNet-5（CNN, 1998）",
      "category": "ANN-CNN",
      "year": 1998,
      "X1": 0.55,
      "X2": 0.35,
      "X3": 0.2,
      "X4": 0.4,
      "Sc": 0.3326702374410066,
      "lambda_eff_norm": 0.4653339309743133,
      "lambda_eff_raw": 0.7,
      "Phi": 0.2,
      "Psi": 0.02,
      "Theta": 0.15,
      "Tc": 0.136792619476711,
      "snr_eff_db": 7.5,
      "alpha_dev": 2.5,
      "f_criticality": 0.4653339309743133,
      "g_plasticity": 1.011,
      "alpha": 1.176131510537577,
      "Gamma_st": 0.12,
      "CST": 0.052404804507493824,
      "intelligence_level": 0,
      "intelligence_threshold": 0.0,
      "data_quality": "EST",
      "sources": "LeCun et al. 1998 Proc IEEE",
      "notes": "CNN起点；卷积局部连接限制结构-功能耦合",
      "device_class": "ReLU_DNN"
    },
    "N03_ResNet50": {
      "name": "ResNet-50（残差网络, 2015）",
      "category": "ANN-CNN",
      "year": 2015,
      "X1": 0.72,
      "X2": 0.58,
      "X3": 0.28,
      "X4": 0.62,
      "Sc": 0.49331082400033666,
      "lambda_eff_norm": 0.7592683551333469,
      "lambda_eff_raw": 0.82,
      "Phi": 0.38,
      "Psi": 0.02,
      "Theta": 0.28,
      "Tc": 0.2107432116442694,
      "snr_eff_db": 7.5,
      "alpha_dev": 2.5,
      "f_criticality": 0.7592683551333469,
      "g_plasticity": 1.011,
      "alpha": 1.919050767599534,
      "Gamma_st": 0.2,
      "CST": 0.15260222669551515,
      "intelligence_level": 0,
      "intelligence_threshold": 0.0,
      "data_quality": "EST",
      "sources": "He et al. 2016 CVPR",
      "notes": "残差连接是Transformer前最重要的结构创新；显著提升Γst",
      "device_class": "ReLU_DNN"
    },
    "N04_LSTM": {
      "name": "LSTM（循环网络, 2014）",
      "category": "ANN-RNN",
      "year": 2014,
      "X1": 0.7,
      "X2": 0.52,
      "X3": 0.3,
      "X4": 0.65,
      "Sc": 0.48925994125978156,
      "lambda_eff_norm": 0.8847943799576549,
      "lambda_eff_raw": 0.88,
      "Phi": 0.42,
      "Psi": 0.05,
      "Theta": 0.4,
      "Tc": 0.3055058484505189,
      "snr_eff_db": 7.5,
      "alpha_dev": 2.5,
      "f_criticality": 0.8847943799576549,
      "g_plasticity": 1.0275,
      "alpha": 2.272815563516226,
      "Gamma_st": 0.28,
      "CST": 0.2824484134206339,
      "intelligence_level": 0,
      "intelligence_threshold": 0.0,
      "data_quality": "EST",
      "sources": "Hochreiter & Schmidhuber 1997 Neural Comput; Gers et al. 2000",
      "notes": "循环结构提高Γst；但固定权重推理期Ψ极低",
      "device_class": "ReLU_DNN"
    },
    "N05_Transformer_orig": {
      "name": "Transformer（原版, 2017）",
      "category": "ANN-ATT",
      "year": 2017,
      "X1": 0.78,
      "X2": 0.55,
      "X3": 0.18,
      "X4": 0.55,
      "Sc": 0.4218732773572182,
      "lambda_eff_norm": 0.7821959456025254,
      "lambda_eff_raw": 0.83,
      "Phi": 0.35,
      "Psi": 0.02,
      "Theta": 0.25,
      "Tc": 0.2036372295459913,
      "snr_eff_db": 10.0,
      "alpha_dev": 3.3333333333333335,
      "f_criticality": 0.7821959456025254,
      "g_plasticity": 1.011,
      "alpha": 2.6360003366805103,
      "Gamma_st": 0.08,
      "CST": 0.10607748849113473,
      "intelligence_level": 0,
      "intelligence_threshold": 0.0,
      "data_quality": "EST",
      "sources": "Vaswani et al. 2017 NeurIPS (Attention is All You Need)",
      "notes": "α_dev来源：BF16精度+LayerNorm归一化后有效SNR≈10dB",
      "device_class": "transformer"
    },
    "N06_GPT4": {
      "name": "GPT-4（OpenAI, 2023）",
      "category": "LLM",
      "year": 2023,
      "X1": 0.82,
      "X2": 0.62,
      "X3": 0.2,
      "X4": 0.6,
      "Sc": 0.4638948232358045,
      "lambda_eff_norm": 0.8259260808186482,
      "lambda_eff_raw": 0.85,
      "Phi": 0.4,
      "Psi": 0.02,
      "Theta": 0.3,
      "Tc": 0.22196224143745968,
      "snr_eff_db": 10.0,
      "alpha_dev": 3.3333333333333335,
      "f_criticality": 0.8259260808186482,
      "g_plasticity": 1.011,
      "alpha": 2.7833708923588443,
      "Gamma_st": 0.1,
      "CST": 0.13601252084242557,
      "intelligence_level": 0,
      "intelligence_threshold": 0.0,
      "data_quality": "EST",
      "sources": "OpenAI Technical Report 2023; Peng et al. 2023 (FP8 training)",
      "notes": "α_dev计算：FP8理论SNR=42dB，LayerNorm将激活归一化到单位方差，有效动态范围≈softmax温度×注意力缩放因子≈10dB（EST）。MoE路由增加功能专业化但Γst仍受全连通结构限制。",
      "device_class": "transformer"
    },
    "N07_GPT4o": {
      "name": "GPT-4o（OpenAI, 2024）",
      "category": "LLM",
      "year": 2024,
      "X1": 0.83,
      "X2": 0.63,
      "X3": 0.22,
      "X4": 0.61,
      "Sc": 0.4824036160357158,
      "lambda_eff_norm": 0.8259260808186482,
      "lambda_eff_raw": 0.85,
      "Phi": 0.4,
      "Psi": 0.08,
      "Theta": 0.32,
      "Tc": 0.3179800288020886,
      "snr_eff_db": 10.0,
      "alpha_dev": 3.3333333333333335,
      "f_criticality": 0.8259260808186482,
      "g_plasticity": 1.044,
      "alpha": 2.874222761248896,
      "Gamma_st": 0.12,
      "CST": 0.2165715920466583,
      "intelligence_level": 0,
      "intelligence_threshold": 0.0,
      "data_quality": "EST",
      "sources": "OpenAI (2024) GPT-4o System Card; Achiam et al. 2023",
      "notes": "相比GPT-4：多模态专家路由轻微提升Γst(0.10→0.12)和Psi(0.02→0.08)。α_dev不变：底层CMOS FP8+LayerNorm机制相同。",
      "device_class": "transformer"
    },
    "N08_Claude_Sonnet": {
      "name": "Claude Sonnet（Anthropic, 2024）",
      "category": "LLM",
      "year": 2024,
      "X1": 0.82,
      "X2": 0.62,
      "X3": 0.2,
      "X4": 0.6,
      "Sc": 0.4638948232358045,
      "lambda_eff_norm": 0.8259260808186482,
      "lambda_eff_raw": 0.85,
      "Phi": 0.4,
      "Psi": 0.1,
      "Theta": 0.35,
      "Tc": 0.34230320131725905,
      "snr_eff_db": 10.0,
      "alpha_dev": 3.3333333333333335,
      "f_criticality": 0.8259260808186482,
      "g_plasticity": 1.055,
      "alpha": 2.9045067175455794,
      "Gamma_st": 0.12,
      "CST": 0.22500897211132503,
      "intelligence_level": 0,
      "intelligence_threshold": 0.0,
      "data_quality": "EST",
      "sources": "Anthropic Claude Technical Report 2024; Constitutional AI paper",
      "notes": "α_dev=3.33：架构细节未公开，基于Transformer+BF16+LayerNorm估算(EST)。Ψ_eff=0.10：Constitutional AI的约束训练等效于更强的隐式可塑性。与GPT-4o相近，主要差异在Psi和Theta（更长上下文）。",
      "device_class": "transformer"
    },